"#","Student","Test Result","Grade","Submission Date","Evaluated"
"1","Stefan Barbu","1 passed of 1","5","2025-11-21, 3:16:10 p.m.","TEACHER Stefan Barbu"
"2","John Smith","1 passed of 1","5","2025-11-22, 6:53:10 p.m.","TEACHER Stefan Barbu"
"3","Amy Williamson","1 passed of 1","5","2025-11-24, 11:34:00 a.m.","TEACHER Stefan Barbu"
"4","Peter Parker","1 passed of 1","5","2025-11-22, 11:23:15 p.m.","TEACHER Stefan Barbu"
"5","Linda Marquez","0 passed of 1","0","2025-11-23, 9:41:28 a.m.","TEACHER Stefan Barbu"
"6","Carlos Mendes","1 passed of 1","5","2025-11-24, 1:12:47 p.m.","TEACHER Stefan Barbu"
"7","Mira Patel","0 passed of 2","0","2025-11-22, 8:05:39 a.m.","TEACHER Stefan Barbu"
"8","Robert Kelly","1 passed of 1","5","2025-11-23, 10:19:04 a.m.","TEACHER Stefan Barbu"
"9","Sofia Dimitri","0 passed of 1","0","2025-11-24, 2:46:55 p.m.","TEACHER Stefan Barbu"
"10","Daniel Ortiz","1 passed of 1","5","2025-11-21, 4:57:11 p.m.","TEACHER Stefan Barbu"
"11","Jasmine Lee","1 passed of 1","5","2025-11-23, 11:32:18 a.m.","TEACHER Stefan Barbu"
"12","Henry Caldwell","0 passed of 3","0","2025-11-24, 9:18:44 a.m.","TEACHER Stefan Barbu"
"13","Olivia Granger","1 passed of 1","5","2025-11-22, 5:27:59 p.m.","TEACHER Stefan Barbu"
"14","Marcus Lund","0 passed of 1","0","2025-11-23, 7:03:26 p.m.","TEACHER Stefan Barbu"
"15","Ella Johansson","1 passed of 1","5","2025-11-24, 10:22:13 a.m.","TEACHER Stefan Barbu"
"16","Noah Bennett","0 passed of 2","0","2025-11-22, 6:18:01 a.m.","TEACHER Stefan Barbu"
"17","Gabriela Rossi","1 passed of 1","5","2025-11-23, 3:44:33 p.m.","TEACHER Stefan Barbu"
"18","Tom√°s Alvarez","1 passed of 1","5","2025-11-24, 1:55:29 p.m.","TEACHER Stefan Barbu"
"19","Priya Narang","0 passed of 1","0","2025-11-21, 8:49:17 p.m.","TEACHER Stefan Barbu"
"20","Ethan Walker","1 passed of 1","5","2025-11-22, 9:14:52 p.m.","TEACHER Stefan Barbu"